Seed Lot ID,Scientific name,Label name (as written),Common name EN,Common name DE,Common name PT,Family,Status,Germination priority,Viability status,Estimated seed count,Count accuracy,Seeds sown,Seeds remaining,Collection / acquisition date,Seed lot origin,Source type,Storage method,Storage temperature,Estimated sow-by date,Pretreatment needed,Germination instructions,Adult plant image source,Species notes,Label transcription,Confidence,Research / source notes,Wikipedia title,Wikipedia
SBC-SEED-0001,Swietenia mahagoni,Swietenia mahagony,West Indian mahogany / Cuban mahogany / small-leaved mahogany,Westindischer Mahagoni,mogno-das-índias-ocidentais / mogno-cubano,Meliaceae,Stored,★★★★★ Urgent,Fresh / good; test or sow a small batch soon,~35–45 seeds if this was one whole mature capsule; visually: dozens,"Biology-based estimate + visual inspection, not counted",0,~35–45,May 2026 (label: 05.26; exact day unknown),Sint Maarten,Travel collection; exact parent plant context not yet recorded,Currently in sealed glass jar. Keep fully dry; move to labelled paper envelope or dry jar with desiccant if any moisture remains.,"Cool, dry, stable room temperature; avoid heat, condensation and direct sun.",Best test batch by late 2026; do not assume long-term viability without a germination test.,Likely none; remove from wing if practical; soak 12–24h in clean warm water before sowing as a cautious test protocol.,"Sow shallowly in warm, free-draining sterile medium; keep around 24–28°C, evenly moist but not wet; test 5–10 seeds first because there are enough for a batch trial.","Use app fallback: Wikimedia/Wikidata/Wikipedia/Commons adult tree or foliage image, not seed-packet photo.","Tropical/subtropical mahogany tree; not hardy in Heiligenhaus; greenhouse/large container only, mainly interesting as a provenance/story seed lot.",“Swietenia mahagony - S Maarten 05.26” (read as Sint Maarten; species spelling corrected to Swietenia mahagoni).,Medium-high for ID from label; seed count approximate.,Fruit/capsule of Swietenia contains numerous winged seeds; German Wikipedia states 35–45 seeds per mature capsule. English Wikipedia gives native Caribbean distribution and IUCN NT; legal/public note should remain conservative.,Swietenia mahagoni,https://en.wikipedia.org/wiki/Swietenia_mahagoni
SBC-SEED-0002,Styphnolobium japonicum,Styphnolobium japonicum - Pagoda Tree,Japanese pagoda tree / Chinese scholar tree / pagoda tree,Japanischer Schnurbaum / Pagodenbaum,sófora-do-japão / árvore-das-pagodes,Fabaceae,Stored,★★ Low,"Fresh / likely good; hard-coated legume seed, test batch when convenient",~20,Approximate user estimate,0,~20,12/06/2026,"Kew Gardens, London",Botanical garden collection; from labelled historic tree,Sealed plastic packet with tissue and silica gel. Keep dry and labelled; avoid condensation.,"Cool, dry, stable room temperature.",Not urgent; test batch in 2026–2027 to establish viability.,"Scarification recommended; nick/sand seed coat lightly, then soak in warm water 12–24h before sowing.","After scarification/soak, sow in free-draining sterile medium at warm room temperature; keep lightly moist, not wet. Since there are about 20 seeds, start with a test batch of 5–6.","Use app fallback: Wikimedia/Wikidata/Wikipedia/Commons adult tree/flower/fruit image, not packet photo.",Deciduous ornamental tree; native to China despite the “japonicum” name; formerly treated as Sophora japonica.,“Styphnolobium japonicum - Pagoda Tree / 12/06/2026 / 1760 tree from the Kew Gardens in London.”,High for ID from label; seed count approximate.,Styphnolobium japonicum is the accepted spelling; synonym Sophora japonica. Species is native to China and widely grown as ornamental.,Styphnolobium japonicum,https://en.wikipedia.org/wiki/Styphnolobium_japonicum
SBC-SEED-0003,Caesalpinia pulcherrima,Caesalpinia pulcherrima - Peacock flower yellow,Peacock flower / dwarf poinciana / pride of Barbados,Pfauenstrauch / Barbados-Stolz,flor-de-pavão / flamboyant-de-jardim,Fabaceae,Stored,★★ Low,"Fresh / likely good; hard-coated legume seed, should store reasonably if kept dry",~80,Approximate user estimate; visual count agrees with “many”/large batch,0,~80,23/05/2026,"Le Marin, Martinique",Travel collection; parent plant likely ornamental/cultivated yellow form,Sealed plastic packet with tissue and silica gel. Keep dry; avoid condensation and heat.,"Cool, dry, stable room temperature.",Low urgency but worth testing in 2026–2027; retain dry backup seed.,"Scarification recommended; nick/sand seed coat lightly, then soak 12–24h in warm water before sowing.","Because there are around 80 seeds, run a proper test batch of 10–15 seeds. Sow after scarification/soak in warm, free-draining medium at 24–28°C; keep moist but not wet.","Use app fallback or curated Wikimedia/Wikidata image of adult yellow peacock flower, not packet photo.","Tropical/subtropical ornamental shrub, sensitive to cold; not hardy in Heiligenhaus except perhaps as seasonal container plant. Seeds of Caesalpinia are potentially toxic; do not ingest.","“Caesalpinia pulcherrima - Peacock flower yellow / Le Marin, Martinique / 23/05/2026.”",High for ID from label; seed count approximate but plausible.,"Caesalpinia pulcherrima is a Fabaceae shrub native to tropical/subtropical Americas; common names include peacock flower, dwarf poinciana and pride of Barbados; IUCN status LC in common summaries. Seeds should be treated cautiously as potentially toxic.",Caesalpinia pulcherrima,https://en.wikipedia.org/wiki/Caesalpinia_pulcherrima
SBC-SEED-0004,Gossypium hirsutum,Gossypium hirsutum - Cotton,Upland cotton / Mexican cotton / cotton,Baumwolle / Upland-Baumwolle,algodão / algodoeiro,Malvaceae,Stored,★★ Low,Fresh / likely good if kept dry; test batch when convenient,~30,Approximate user estimate,0,~30,04/2026,Guadeloupe,Travel collection; parent plant context not yet recorded,Sealed plastic packet with tissue and silica gel. Keep dry; avoid condensation and heat.,"Cool, dry, stable room temperature.",Test batch in 2026–2027; keep backup dry.,Usually none; optional short soak in warm water before sowing if seeds are very dry.,"Sow in warm, free-draining medium at around 24–30°C; keep evenly moist but not wet. With ~30 seeds, test 6–8 first.","Use app fallback or curated Wikimedia/Wikidata image of cotton plant/flower/boll, not packet photo.",Warm-climate cotton species in Malvaceae; not hardy in Heiligenhaus; greenhouse/container curiosity rather than outdoor garden plant.,“Gossypium hirsutum - cotton / Guadeloupe - 04/2026.”,High for ID from label; count approximate.,"Gossypium hirsutum is upland/Mexican cotton, family Malvaceae, with native range including Mexico to Ecuador/northeast Brazil and Caribbean islands including the Leeward Antilles; widely cultivated cotton crop.",Gossypium hirsutum,https://en.wikipedia.org/wiki/Gossypium_hirsutum
SBC-SEED-0005,Calliandra haematocephala,Calliandra haematocephala - Powder puff tree,Red powder puff / powder puff tree,Puderquastenstrauch / Puderquastenbaum,esponjinha-vermelha / caliandra,Fabaceae,Stored,★★★ Medium,"Fresh / likely good if kept dry; hard-coated legume-style seed, test batch when convenient",Unknown,Unknown; packet contents not visible/countable from photo,0,Unknown,04/2026,Guadeloupe,Travel collection; parent plant likely ornamental/cultivated,Sealed plastic packet with tissue and silica gel. Keep dry; avoid condensation and heat.,"Cool, dry, stable room temperature.",Test batch in 2026–2027; keep dry backup seed.,"Scarification likely helpful; nick/sand seed coat lightly, then soak 12–24h in warm water before sowing.","Once seed count is known, test a small batch. Sow after scarification/soak in warm, free-draining medium at 24–28°C; keep moist but not wet.","Use app fallback or curated Wikimedia/Wikidata image of adult powder puff tree/flowers, not packet photo.",Tropical ornamental shrub/small tree with red powder-puff flowers; native to Bolivia and widely cultivated in warm climates; not hardy in Heiligenhaus.,“Calliandra haematocephala - Powder puff tree / 04/2026 - Guadeloupe.”,High for ID from label; seed count unknown.,"Calliandra haematocephala is a Fabaceae shrub/small tree native to Bolivia and widely cultivated as an ornamental. As a legume-type seed lot, scarification/soak is a reasonable germination protocol; confirm with a small test batch.",Calliandra haematocephala,https://en.wikipedia.org/wiki/Calliandra_haematocephala
SBC-SEED-0006,Thespesia populnea,Seaside mahoe,Seaside mahoe / portia tree / milo,Portiabaum / Küsten-Mahoe,algodão-da-praia / thespesia,Malvaceae,Stored,★★★ Medium,"Fresh / likely good if kept dry; coastal tree seed, test batch when convenient",~30,Approximate user estimate,0,~30,03/2026,Saba,Travel collection; likely coastal/tree seed lot,Sealed plastic packet with silica gel. Keep dry; avoid condensation and heat.,"Cool, dry, stable room temperature.",Test batch in 2026–2027; keep backup dry.,Possibly helpful: soak 12–24h in warm water; light scarification only if seeds do not imbibe.,"With ~30 seeds, test 6–8 first. Sow warm in free-draining medium at 24–28°C; keep evenly moist but not waterlogged.","Use app fallback or curated Wikimedia/Wikidata image of adult seaside mahoe/Portia tree, not packet photo.","Coastal tropical tree in Malvaceae, adapted to island/coastal environments and oceanic dispersal; not hardy in Heiligenhaus.",“Seaside mahoe / Saba 03/26.” Scientific name inferred as Thespesia populnea from common name.,Medium-high: scientific name inferred from common name “seaside mahoe”; confirm if there is any parent-tree photo or local label.,"Thespesia populnea is commonly known as portia tree/seaside mahoe/milo, family Malvaceae, and is associated with tropical coastlines/island environments.",Thespesia populnea,https://en.wikipedia.org/wiki/Thespesia_populnea
SBC-SEED-0007,Vachellia tortuosa,Twisted acacia,Twisted acacia / poponax,Gedrehte Akazie / Vachellia tortuosa,acácia-tortuosa,Fabaceae,Stored,★ Archive / no rush,"Fresh / likely good if kept dry; hard-coated acacia seed, can wait but should be tested",~24–30,Approximate user estimate: a couple of dozen,0,~24–30,2026,"Waterlemon Bay, USVI; possibly mixed/compared with Saba lot",Travel collection; dry coastal/xeric habitat seed lot,Sealed plastic packet with silica gel. Keep dry; avoid condensation and heat.,"Cool, dry, stable room temperature.",Not urgent; test batch in 2026–2027; dry hard-coated seeds should store better than soft tropical seeds.,"Scarification strongly recommended; nick/sand seed coat, then soak 12–24h in warm water before sowing.","Test 6–8 seeds first. After scarification/soak, sow in warm, sharply-draining mineral mix at 24–30°C; keep barely moist, not wet.","Use app fallback or curated Wikimedia/Wikidata image of adult twisted acacia, not packet photo.","Small thorny leguminous shrub/tree of the Caribbean, Florida, Mexico and northern South America; adapted to dry tropical/xeric habitats. Good bonsai/inosculation curiosity but thorny.",“Twisted acacia / Waterlemon Bay USVI 2026 / + Saba.” Scientific name inferred as Vachellia tortuosa from common name.,"Medium: common name strongly suggests Vachellia tortuosa, but the packet mixes/mentions two locations; confirm if parent-tree photos exist.","Vachellia tortuosa is listed with common name twisted acacia/poponax and distribution in the Caribbean, Florida, southern Texas, Mexico and northern South America.",Vachellia tortuosa,https://en.wikipedia.org/wiki/Vachellia_tortuosa
SBC-SEED-0008,Delonix regia,Flamboyant,Flamboyant / royal poinciana / flame tree,Flammenbaum / Flamboyant,flamboyant / acácia-rubra,Fabaceae,Stored,★★ Low,"Fresh / likely good if kept dry; hard-coated seed, should respond to scarification",~40–50,Approximate user estimate,0,~40–50,05/2026,St Eustatius (Statia),Travel collection; likely ornamental/cultivated street or garden tree,Sealed plastic packet with silica gel. Keep dry; avoid condensation and heat.,"Cool, dry, stable room temperature.","Low urgency if kept dry, but test batch in 2026–2027 to confirm viability.","Scarification strongly recommended; nick/sand the hard seed coat, then soak 12–24h in warm water before sowing.","Test 8–10 seeds first. After scarification/soak, sow in warm free-draining medium at 24–30°C; keep moist but not waterlogged. Seedlings can grow quickly under warm bright conditions.","Use app fallback or curated Wikimedia/Wikidata image of adult flamboyant tree in flower, not packet photo.",Tropical ornamental tree with spectacular red/orange flowers; native to Madagascar but widely cultivated throughout the tropics. Not hardy in Heiligenhaus; greenhouse/container/bonsai experiment only.,"“Flamboyant / Statia 2026.” User supplied: St Eustatius, May 2026, ~40–50 seeds.",High for ID from label; seed count approximate.,"Delonix regia is the flamboyant/royal poinciana, a Fabaceae tree native to Madagascar and widely cultivated in tropical regions. Hard seed coat; nicking/scarification or soaking is commonly used to speed germination.",Delonix regia,https://en.wikipedia.org/wiki/Delonix_regia
SBC-SEED-0009,Caesalpinia pulcherrima,Peacock (yellow),Yellow peacock flower / peacock flower / dwarf poinciana,Gelber Pfauenstrauch / Barbados-Stolz,flor-de-pavão-amarela / flamboyant-de-jardim,Fabaceae,Stored,★★ Low,"Fresh / likely good; hard-coated legume seed, should store reasonably if kept dry",16,Exact user count,0,16,04/2026,Montserrat,Travel collection; parent plant likely ornamental/cultivated yellow form,Sealed plastic packet with silica gel. Keep dry; avoid condensation and heat.,"Cool, dry, stable room temperature.",Low urgency but worth testing in 2026–2027; retain dry backup seed.,"Scarification recommended; nick/sand seed coat lightly, then soak 12–24h in warm water before sowing.","With only 16 seeds, test 4–5 first rather than the whole lot. Sow after scarification/soak in warm, free-draining medium at 24–28°C; keep moist but not wet.","Use app fallback or curated Wikimedia/Wikidata image of adult yellow peacock flower, not packet photo.","Tropical/subtropical ornamental shrub, sensitive to cold; not hardy in Heiligenhaus except perhaps as seasonal container plant. Seeds of Caesalpinia are potentially toxic; do not ingest.",“Peacock (yellow) / Montserrat / 04/2026.” Scientific name inferred as Caesalpinia pulcherrima from earlier labelled yellow peacock flower lots.,"Medium-high: common name and seed appearance match previous Caesalpinia pulcherrima yellow lot, but scientific name not written on this packet.",Companion yellow peacock flower lot; treat as Caesalpinia pulcherrima unless later evidence suggests a different “peacock” species.,Caesalpinia pulcherrima,https://en.wikipedia.org/wiki/Caesalpinia_pulcherrima
SBC-SEED-0010,Samanea saman,Samanea saman - Rain tree,Rain tree / saman / monkeypod,Regenbaum / Samanbaum,árvore-da-chuva / samã,Fabaceae,Stored,★★ Low,"Fresh / likely good if kept dry; hard-coated legume seed, should be testable later",Many / unknown; not countable from photo,Unknown; seeds hidden by tissue/packet,0,Unknown,04/2026,Montserrat,Travel collection; likely ornamental/cultivated tree,Sealed plastic packet with tissue and silica gel. Keep dry; avoid condensation and heat.,"Cool, dry, stable room temperature.",Not urgent if kept dry; test batch in 2026–2027.,"Scarification recommended; nick/sand seed coat lightly, then soak 12–24h in warm water before sowing.","Once count is known, test 8–10 seeds first. Sow after scarification/soak in warm, free-draining medium at 24–30°C; keep moist but not waterlogged.","Use app fallback or curated Wikimedia/Wikidata image of adult rain tree/monkeypod, not packet photo.",Large tropical shade tree with broad umbrella crown; native to Central/South America and widely introduced across the tropics. Not hardy in Heiligenhaus; greenhouse/container experiment only when young.,“Samanea saman - Rain tree / Montserrat / 04/2026.”,High for ID from label; seed count unknown.,"Samanea saman is a Fabaceae tree known as rain tree/saman/monkeypod, native to Central and South America and widely introduced in tropical regions.",Samanea saman,https://en.wikipedia.org/wiki/Samanea_saman
SBC-SEED-0011,Caesalpinia pulcherrima,Peacock / Red peacock tree,Red peacock flower / peacock flower / dwarf poinciana,Roter Pfauenstrauch / Barbados-Stolz,flor-de-pavão-vermelha / flamboyant-de-jardim,Fabaceae,Stored,★★ Low,"Fresh / likely good; hard-coated legume seed, should store reasonably if kept dry",Many / unknown,User estimate: many; not counted,0,Many / unknown,05/2026,St Eustatius (Statia),Travel collection; parent plant likely ornamental/cultivated red form,Sealed plastic packet with silica gel. Keep dry; avoid condensation and heat.,"Cool, dry, stable room temperature.",Low urgency but worth testing in 2026–2027; retain dry backup seed.,"Scarification recommended; nick/sand seed coat lightly, then soak 12–24h in warm water before sowing.","Since the lot is “many” seeds, run a test batch of 10–15. Sow after scarification/soak in warm, free-draining medium at 24–28°C; keep moist but not wet.","Use app fallback or curated Wikimedia/Wikidata image of adult red peacock flower, not packet photo.","Tropical/subtropical ornamental shrub, sensitive to cold; not hardy in Heiligenhaus except perhaps as seasonal container plant. Seeds of Caesalpinia are potentially toxic; do not ingest.","“Peacock / Statia 2026.” User supplied: red peacock tree, St Eustatius, May 2026, many seeds.","Medium-high: common name and seed appearance match previous Caesalpinia pulcherrima lots, but scientific name not written on this packet.",Companion red peacock flower lot; treat as Caesalpinia pulcherrima unless later evidence suggests a different “peacock” species.,Caesalpinia pulcherrima,https://en.wikipedia.org/wiki/Caesalpinia_pulcherrima
SBC-SEED-0012,Tamarindus indica,Tamarind,Tamarind,Tamarinde,tamarindo,Fabaceae,Stored,★★ Low,"Fresh / likely good if kept dry; hard-coated legume seed, should store reasonably",12,Exact user count,0,12,05/2026,St Martin,Travel collection; likely fruit/food or ornamental tree source,"Dry storage in labelled packet; keep cool and dry, ideally with desiccant.","Cool, dry, stable room temperature.",Not urgent if kept dry; test batch in 2026–2027.,"Scarification recommended; nick/sand seed coat lightly, then soak 12–24h in warm water before sowing.","With 12 seeds, test 3–4 first. Sow after scarification/soak in warm, free-draining medium at 24–30°C; keep evenly moist but not wet.","Use app fallback or curated Wikimedia/Wikidata image of adult tamarind tree/fruit, not packet photo.","Tropical/subtropical fruit tree; not hardy in Heiligenhaus; greenhouse/container curiosity, possibly bonsai-interesting when young.","User supplied: “Tamarind seeds from St Martin, May/2026, 12 seeds.”",High for common-name ID; scientific name inferred as Tamarindus indica.,Common tamarind seed lot; treat as Tamarindus indica unless later evidence suggests another Tamarindus taxon.,Tamarindus indica,https://en.wikipedia.org/wiki/Tamarindus_indica
SBC-SEED-0013,Ceiba pentandra,Ceiba pentandra - Kapok tree,Kapok tree / ceiba / silk-cotton tree,Kapokbaum / Wollbaum,sumaúma / sumaúma-branca / kapok,Malvaceae,Stored,★★★★ High,Fresh / unknown; test soon because tropical tree seed viability can vary,Several / unknown,Unknown; not counted from packet,0,Several / unknown,09/05/2026,"Anse d’Arlet, Martinique",Travel collection; likely from kapok/ceiba tree,Sealed plastic packet with tissue and silica gel. Keep dry; avoid condensation and heat.,"Cool, dry, stable room temperature.",Test a small batch in 2026; do not rely on long-term storage without testing.,Probably minimal; optional 12–24h warm-water soak before sowing. Avoid over-soaking if seeds soften quickly.,"Sow warm in free-draining sterile medium at 24–30°C; keep evenly moist but not wet. Because count is only several/unknown, start with 2–3 seeds first.","Use app fallback or curated Wikimedia/Wikidata image of adult kapok/ceiba tree, buttress roots, flowers or pods, not packet photo.",Very large tropical Malvaceae tree with kapok fibre around the seeds; not hardy in Heiligenhaus; only realistic as a greenhouse/container/bonsai-style experiment when young.,“Ceiba pentandra - Kapok tree / Martinique - Anse d’Arlet / 9.05.2026.”,High for ID from label; seed count unknown.,"Ceiba pentandra is a Malvaceae tree known as kapok/ceiba, native to Central America, the Caribbean and northern South America, and cultivated for cotton-like seed fibre.",Ceiba pentandra,https://en.wikipedia.org/wiki/Ceiba_pentandra
SBC-SEED-0014,Thespesia populnea,Seaside mahoe,Seaside mahoe / portia tree / milo,Portiabaum / Küsten-Mahoe,algodão-da-praia / thespesia,Malvaceae,Stored,★★★ Medium,"Fresh / likely good if kept dry; coastal tree seed, test batch when convenient",40,Exact user count,0,40,29/05/2026,Martinique,Travel collection; likely coastal/tree seed lot,Dry labelled packet; keep with silica gel if available. Avoid condensation and heat.,"Cool, dry, stable room temperature.",Test batch in 2026–2027; keep backup dry.,Possibly helpful: soak 12–24h in warm water; light scarification only if seeds do not imbibe.,"With 40 seeds, test 8–10 first. Sow warm in free-draining medium at 24–28°C; keep evenly moist but not waterlogged.","Use app fallback or curated Wikimedia/Wikidata image of adult seaside mahoe/Portia tree, not packet photo.","Coastal tropical tree in Malvaceae, adapted to island/coastal environments and oceanic dispersal; not hardy in Heiligenhaus.",User supplied: “Another batch (40 seeds) of seaside mahoe from Martinique 29/05/2026.” Scientific name inferred as Thespesia populnea from common name.,Medium-high: scientific name inferred from common name “seaside mahoe”.,Companion seaside mahoe lot; treat as Thespesia populnea unless later evidence suggests another local “mahoe” species.,Thespesia populnea,https://en.wikipedia.org/wiki/Thespesia_populnea
SBC-SEED-0015,Delonix regia var. flavida,Delonix regia flavida (Yellow),Yellow flamboyant / yellow royal poinciana,Gelber Flammenbaum / gelber Flamboyant,flamboyant-amarelo / acácia-rubra-amarela,Fabaceae,Stored,★★ Low,"Fresh / likely good if kept dry; hard-coated seed, should respond to scarification",Several dozen (~36–60),Approximate user estimate,0,Several dozen (~36–60),05/2026,Martinique,Travel collection; yellow-flowering ornamental/cultivated form,Dry labelled packet; keep with silica gel if available. Avoid condensation and heat.,"Cool, dry, stable room temperature.","Low-to-medium urgency if kept dry, but test batch in 2026–2027 to confirm viability and colour/form interest.","Scarification strongly recommended; nick/sand the hard seed coat, then soak 12–24h in warm water before sowing.","Test 8–10 seeds first. After scarification/soak, sow in warm free-draining medium at 24–30°C; keep moist but not waterlogged. Keep seedlings labelled separately from red/orange Delonix lots.","Use app fallback or curated Wikimedia/Wikidata image of yellow Delonix/flavida if available, not packet photo.",Yellow form of the flamboyant/royal poinciana. Not hardy in Heiligenhaus; greenhouse/container/bonsai experiment only. Keep separate from standard Delonix regia seed lots.,User supplied: “Several dozens of Delonix regia flavida (Yellow) from Martinique 5/2026.”,High for user-supplied ID; count approximate.,Yellow Delonix regia lot; catalogue separately from standard red/orange Delonix regia because flower colour provenance matters.,Delonix regia,https://en.wikipedia.org/wiki/Delonix_regia
SBC-SEED-0016,Moringa oleifera,Moringa,Moringa / drumstick tree,Meerrettichbaum / Moringa,moringa / acácia-branca,Moringaceae,Stored,★★★★ High,Fresh / likely good; sow or test soon for best results,Several dozen (~36–60),Approximate user estimate,0,Several dozen (~36–60),04/2026,"Portsmouth, Dominica — Andrew’s garden",Private garden / friend-local provenance,Dry labelled packet; keep cool and dry with desiccant if available. Avoid condensation and heat.,"Cool, dry, stable room temperature.",Test batch in 2026; moringa is worth sowing relatively fresh rather than archiving for years.,Usually none; optional 12–24h soak in warm water before sowing.,"Test 8–10 seeds first. Sow in warm, free-draining medium at 24–30°C; keep lightly moist, never soggy. Provide strong light and warmth after germination.","Use app fallback or curated Wikimedia/Wikidata image of adult moringa tree, flowers or pods, not packet photo.",Fast-growing tropical/subtropical tree; not hardy in Heiligenhaus. Good warm-season container/greenhouse experiment; useful edible/ethnobotanical species.,"User supplied: “Several dozens of moringa / 04/2026 / Portsmouth, Dominica (from Andrew’s garden).”",High for user-supplied common-name ID; scientific name inferred as Moringa oleifera.,"Moringa lot with named private-garden provenance; if made public later, consider whether to redact Andrew’s name.",Moringa oleifera,https://en.wikipedia.org/wiki/Moringa_oleifera
SBC-SEED-0017,Moringa oleifera,Moringa,Moringa / drumstick tree,Meerrettichbaum / Moringa,moringa / acácia-branca,Moringaceae,Stored,★★★★ High,Fresh / likely good; sow or test soon for best results,Unknown,Unknown; user did not provide count,0,Unknown,05/2026,Saba,Travel collection / local garden or tree source not yet specified,Dry labelled packet; keep cool and dry with desiccant if available. Avoid condensation and heat.,"Cool, dry, stable room temperature.",Test batch in 2026; moringa is worth sowing relatively fresh rather than archiving for years.,Usually none; optional 12–24h soak in warm water before sowing.,"Once count is known, test a small batch first. Sow in warm, free-draining medium at 24–30°C; keep lightly moist, never soggy. Provide strong light and warmth after germination.","Use app fallback or curated Wikimedia/Wikidata image of adult moringa tree, flowers or pods, not packet photo.",Fast-growing tropical/subtropical tree; not hardy in Heiligenhaus. Good warm-season container/greenhouse experiment; useful edible/ethnobotanical species.,User supplied: “More Moringa from Saba 05/26.”,High for user-supplied common-name ID; scientific name inferred as Moringa oleifera.,Second moringa lot; keep separate from Dominica lot because provenance differs.,Moringa oleifera,https://en.wikipedia.org/wiki/Moringa_oleifera
SBC-SEED-0018,Majidea zanguebarica,Majidea zanguebarica,Black pearl tree / mgambo tree / velvet seed tree,Schwarzperlenbaum / Mgambo-Baum,árvore-pérola-negra / mgambo,Sapindaceae,Stored,★★★★ High,"Unknown; ornamental tropical tree seed, test soon rather than archiving blindly",Unknown,Unknown; user did not provide count,0,Unknown,05/2026,Sint Maarten,Travel collection; ornamental/tropical tree source not yet specified,Dry labelled packet; keep cool and dry with desiccant if available. Avoid condensation and heat.,"Cool, dry, stable room temperature.",Test a small batch in 2026; do not assume long storage viability without testing.,"Uncertain; clean any fruit/aril residue if present, then try a 12–24h warm-water soak before sowing. Avoid aggressive scarification unless seeds prove hard and impermeable.","Once count is known, test a small batch first. Sow warm in a free-draining tropical seed mix at 24–28°C; keep evenly moist but never soggy.","Use app fallback or curated Wikimedia/Wikidata image of adult Majidea zanguebarica, fruit and seeds, not packet photo.","Small tropical Sapindaceae tree, known for ornamental black velvet-like seeds in red capsules. Not hardy in Heiligenhaus; greenhouse/container specimen only.",User supplied: “Majidea zanguebarica from Sint Maarten 05/26.”,High for user-supplied scientific name; count unknown.,Majidea zanguebarica is a Sapindaceae tree native to East Africa and known as mgambo/black pearl/velvet seed tree; ornamental seeds are a key feature.,Majidea zanguebarica,https://en.wikipedia.org/wiki/Majidea_zanguebarica
SBC-SEED-0019,Conocarpus erectus,Buttonwood,Buttonwood / button mangrove / green buttonwood,Knopfmangrove / Buttonwood,mangue-de-botão / botão-de-mangue,Combretaceae,Stored,★★★ Medium,"Unknown; coastal/mangrove-associate seed lot, test rather than archive blindly",Unknown,Unknown; user did not provide count,0,Unknown,05/2026,Sint Maarten,Travel collection; coastal/mangrove-edge tree source not yet specified,Dry labelled packet; keep cool and dry with desiccant if available. Avoid condensation and heat.,"Cool, dry, stable room temperature.",Test batch in 2026–2027; viability/storage behaviour not yet confirmed for this lot.,"Unclear; try a small untreated warm sowing batch first, with a parallel warm-water soak batch if enough seed is available.","Once count is known, test a small batch. Sow warm in a sandy, free-draining coastal-style mix; keep moist but not waterlogged. Consider slightly brackish tolerance only after seedlings are established, not at germination.","Use app fallback or curated Wikimedia/Wikidata image of adult buttonwood/button mangrove, not packet photo.",Hardy tropical/subtropical coastal shrub or small tree in Combretaceae; button-like fruiting heads disperse by water; bonsai/coastal ecology interest. Not hardy in Heiligenhaus.,User supplied: “Buttonwood St Maarten 05/26.” Recorded origin as Sint Maarten.,High for common-name ID; scientific name inferred as Conocarpus erectus.,"Conocarpus erectus is commonly called buttonwood or button mangrove, family Combretaceae, found on tropical/subtropical shorelines including the West Indies.",Conocarpus erectus,https://en.wikipedia.org/wiki/Conocarpus_erectus
SBC-SEED-0020,Senna polyphylla,Senna polyphylla,Senna polyphylla / desert cassia,Senna polyphylla,senna / cássia,Fabaceae,Stored,★★ Low,"Fresh / likely good if kept dry; hard-coated legume seed, should tolerate storage better than very fleshy tropical seeds",>100,Approximate user estimate; large batch,0,>100,09/05/2026,Martinique,Travel collection; tree/shrub source not yet specified,Dry labelled packet; keep cool and dry with desiccant if available. Avoid condensation and heat.,"Cool, dry, stable room temperature.","Test batch in 2026–2027; large hard-coated legume batch can probably be stored, but viability should be checked.","Likely scarification or nicking plus 12–24h warm-water soak, as for many hard-coated Fabaceae seeds.","Test 10–20 seeds first. Scarify/nick a small batch, soak in warm water 12–24h, then sow in a warm, free-draining seed mix at about 24–30°C. Keep lightly moist, not soggy.","Use app fallback or curated Wikimedia/Wikidata image of adult Senna polyphylla, flowers and habit, not packet photo.",Tropical/subtropical Senna shrub or small tree; yellow-flowering Fabaceae with potential ornamental and bonsai interest. Not hardy in Heiligenhaus without protection.,"User supplied: “Senna polyphylla, Martinique 09/05/2026, over 100 seeds.”",High for user-supplied scientific name and origin/date; seed count approximate.,Cultivation notes inferred cautiously from hard-coated Fabaceae seed behaviour; verify species-specific details later before public release.,Senna polyphylla,https://en.wikipedia.org/wiki/Senna_polyphylla
SBC-SEED-0021,Phyllanthus acidus,Star gooseberry,Star gooseberry / Otaheite gooseberry,Sternstachelbeere / Otaheite-Stachelbeere,groselha-de-taiti / groselha-estrelada,Phyllanthaceae,Stored,★★★★★ Urgent,Fresh / small seed lot; test soon rather than archiving blindly,9,Exact user count,0,9,05/2026,Martinique,Travel collection; fruit/tree source not yet specified,Clean and dry seed lot; keep cool and dry with desiccant if available. Avoid condensation and heat.,"Cool, dry, stable room temperature.",Test a small batch in 2026; do not assume long storage viability for this small tropical fruit seed lot.,Uncertain; soak 12–24h in warm water before sowing. Avoid aggressive scarification unless seed coat is clearly hard and impermeable.,"Because there are only 9 seeds, start with 2–3 seeds first. Sow warm in a free-draining tropical seed mix at 24–30°C; keep evenly moist but not waterlogged.","Use app fallback or curated Wikimedia/Wikidata image of adult Phyllanthus acidus, fruit and habit, not packet photo.",Tropical fruit tree/shrub producing acidic ribbed yellow-green fruits; greenhouse/container only in Heiligenhaus. Interesting edible/ethnobotanical species.,"User supplied: “9 seeds, Star gooseberry, 05/2026, Martinique.”",Medium-high: scientific name inferred from common name “star gooseberry”; seed count exact from user.,Star gooseberry is commonly treated as Phyllanthus acidus; verify if a more specific local ID becomes available.,Phyllanthus acidus,https://en.wikipedia.org/wiki/Phyllanthus_acidus
SBC-SEED-0022,Spondias purpurea,Spondias purpurea,Purple mombin / jocote / Spanish plum,Rote Mombinpflaume / Jocote,seriguela / ciriguela,Anacardiaceae,Stored,★★★★★ Urgent,Fresh / tropical fruit seed; test soon rather than archiving long-term,19,Exact user count,0,19,05/2026,Martinique,Travel collection; fruit/tree source not yet specified,Dry labelled packet; keep cool and dry with desiccant if available. Avoid condensation and heat.,"Cool, dry, stable room temperature.",Test a small batch in 2026; do not assume long storage viability for this tropical fruit seed lot.,Uncertain; clean any fruit residue if present. Soak 12–24h in warm water before sowing; consider light scarification only if the endocarp/seed coat is very hard.,"Because there are 19 seeds, test 4–6 first. Sow warm in a free-draining tropical seed mix at 24–30°C; keep evenly moist but not waterlogged. Germination may be slow/irregular.","Use app fallback or curated Wikimedia/Wikidata image of adult Spondias purpurea, fruit and habit, not packet photo.","Tropical fruit tree in Anacardiaceae, grown for edible plum-like fruits. Greenhouse/container only in Heiligenhaus; potential ethnobotanical/fruit-tree interest.",User supplied: “19 seeds; Spondias purpurea; Martinique 05/2026.”,High for user-supplied scientific name and exact seed count.,Typo corrected by user; record now uses Spondias purpurea consistently.,Spondias purpurea,https://en.wikipedia.org/wiki/Spondias_purpurea
SBC-SEED-0023,Albizia lebbeck,Albizia lebbeck,Lebbeck tree / woman’s tongue tree / siris tree,Lebbeckbaum / Sirisbaum,albízia / árvore-da-mulher-língua,Fabaceae,Stored,★★ Low,Fresh / likely good if kept dry; hard-coated legume seed,Unknown,Unknown; user did not provide count,0,Unknown,05/2026,Sint Maarten,Travel collection; tree source not yet specified,Dry labelled packet; keep cool and dry with desiccant if available. Avoid condensation and heat.,"Cool, dry, stable room temperature.","Test batch in 2026–2027; hard-coated legume seed may store, but viability should be checked.","Likely scarification or nicking plus 12–24h warm-water soak, as for many hard-coated Fabaceae seeds.","Once count is known, test a small batch first. Scarify/nick a few seeds, soak in warm water 12–24h, then sow warm in a free-draining seed mix at 24–30°C; keep lightly moist, not soggy.","Use app fallback or curated Wikimedia/Wikidata image of adult Albizia lebbeck, flowers/pods and habit, not packet photo.","Tropical/subtropical Fabaceae tree with fragrant pale flowers and flat pods; large tree, greenhouse/container experiment only in Heiligenhaus unless treated as temporary/tropical bonsai material.",User supplied: “Albizia lebbeck; St Maarten 05/2026.” Origin normalized to Sint Maarten.,High for user-supplied scientific name and date/origin; count unknown.,Hard-coated legume seed handling inferred cautiously from Fabaceae behaviour; verify species-specific details later before public release.,Albizia lebbeck,https://en.wikipedia.org/wiki/Albizia_lebbeck
SBC-SEED-0024,Tabebuia rosea,Pink trumpet,Pink trumpet tree / rosy trumpet tree,Rosa Trompetenbaum,ipê-rosa / pau-d’arco-rosa,Bignoniaceae,Stored,★★★★★ Urgent,Fresh / sow or test soon; winged Bignoniaceae tree seeds may not be ideal for long storage,>100,Approximate user estimate; large batch,0,>100,05/2026,Martinique,Travel collection; tree source not yet specified,"Dry labelled packet; keep cool and very dry with desiccant if available. Avoid heat, humidity and condensation.","Cool, dry, stable room temperature.",Test a batch in 2026; do not rely on long-term storage without viability testing.,Usually none; soak briefly only if seeds appear very dry. Avoid heavy scarification for thin winged seeds.,"Test 10–20 seeds first. Sow shallowly in a warm, free-draining seed mix at 24–30°C; cover lightly or press onto surface and keep evenly moist, not wet. Provide bright light after germination.","Use app fallback or curated Wikimedia/Wikidata image of adult Tabebuia rosea / pink trumpet tree in flower, not packet photo.","Pink-flowering tropical Bignoniaceae tree; excellent ornamental/tree interest, but not hardy in Heiligenhaus. Scientific ID inferred from common name; verify if packet/photo gives a more exact name.",User supplied: “Pink trumpet; Martinique 05/2026; over 100 seeds.”,Medium: scientific name inferred from common name “pink trumpet”; seed count approximate.,"Pink trumpet tree is commonly applied to Tabebuia rosea, but verify against any packet label or source tree if available.",Tabebuia rosea,https://en.wikipedia.org/wiki/Tabebuia_rosea
SBC-SEED-0025,Jatropha multifida,Coral plant,Coral plant / coralbush,Korallenpflanze / Korallenstrauch,planta-coral / pinhão-coral,Euphorbiaceae,Stored,★★★ Medium,"Unknown; tropical ornamental seed lot, test rather than archive blindly",Unknown,Unknown; user did not provide count,0,Unknown,05/2026,Martinique,Travel collection; ornamental plant source not yet specified,Dry labelled packet; keep cool and dry with desiccant if available. Avoid condensation and heat.,"Cool, dry, stable room temperature.",Test batch in 2026–2027; viability/storage behaviour not yet confirmed for this lot.,Uncertain; try 12–24h warm-water soak before sowing. Avoid aggressive scarification until seed type is confirmed.,"Once count is known, test a small batch first. Sow warm in a free-draining tropical seed mix at 24–30°C; keep evenly moist but not waterlogged. Handle Euphorbiaceae seedlings/sap cautiously.","Use app fallback or curated Wikimedia/Wikidata image of adult Jatropha multifida/coral plant, not packet photo.","Tentatively treated as Jatropha multifida, a tropical ornamental Euphorbiaceae with coral-red inflorescences and deeply lobed leaves. Not hardy in Heiligenhaus; greenhouse/container only. ID should be verified if a label/photo is available.",User supplied: “Coral plant; Martinique 05/2026.”,Medium-low: common name “coral plant” is ambiguous; Jatropha multifida is a likely interpretation but needs confirmation.,Verify species before public release; “coral plant” can refer to more than one ornamental species.,Jatropha multifida,https://en.wikipedia.org/wiki/Jatropha_multifida
SBC-SEED-0026,Spathodea campanulata,Spathodea campanulata - Africa tulip,African tulip tree,Afrikanischer Tulpenbaum,tulipeiro-africano / espatódea,Bignoniaceae,Stored,★★★★ High,Fresh / sow or test soon; winged Bignoniaceae tree seeds may not be ideal for long storage,Unknown,Unknown; packet photo does not show count,0,Unknown,04/2026,"Portsmouth, Dominica",Travel collection; tree source not yet specified,"Dry labelled packet; keep cool and very dry with desiccant if available. Avoid heat, humidity and condensation.","Cool, dry, stable room temperature.",Test a batch in 2026; do not rely on long-term storage without viability testing.,Usually none; avoid heavy scarification for thin winged seeds. Brief warm-water soak only if seeds are very dry.,"Once count is known, test a small batch first. Sow shallowly in a warm, free-draining seed mix at 24–30°C; cover very lightly or press onto surface and keep evenly moist, not wet. Provide bright light after germination.","Use app fallback or curated Wikimedia/Wikidata image of adult Spathodea campanulata / African tulip tree in flower, not packet photo.","Large tropical Bignoniaceae tree with striking orange-red flowers. Not hardy in Heiligenhaus; greenhouse/container experiment only, and invasive potential should be flagged carefully in public notes.",Photo label: “Spathodea campanulata - Africa tulip; 04/2026; Portsmouth - Dominica.”,High: scientific name and provenance are written on the label; count unknown.,Bignoniaceae winged seed handling inferred cautiously; verify species-specific viability later before public release.,Spathodea campanulata,https://en.wikipedia.org/wiki/Spathodea_campanulata
SBC-SEED-0027,Agastache foeniculum,Anis hysope / Anise Hyssop / Anís Hisopo / Anis hisopo,Anise hyssop,Anis-Ysop / Duftnessel,agastache-anisada / hissopo-anisado,Lamiaceae,Stored,★★ Low,Commercial packet; likely fine if kept dry. Packet appears valid until 03/2028.,Many / commercial 1 g packet,Packet/user estimate; exact count not independently verified,0,Many / commercial 1 g packet,Unknown; packet validity appears 03/2028,Commercial seed packet — Tropica / TECHNISEM,Commercial seed packet,"Keep cool and dry, ideally in original labelled packet with desiccant.","Cool, dry, stable room temperature.",See viability note; test batch before committing the whole lot.,See germination instructions.,Sow a small test batch first; adjust by species after results.,"Adult plant image should come from Wikimedia/Wikidata/Wikipedia/Commons fallback, not packet photo.",Aromatic Lamiaceae perennial/short-lived perennial; good pollinator/herb plant.,Anis hysope / Anise Hyssop / Anís Hisopo / Anis hisopo,High where packet/scientific label is present; otherwise marked by common-name inference in notes.,Added from user-provided packet photos / notes.,Agastache foeniculum,https://en.wikipedia.org/wiki/Agastache_foeniculum
SBC-SEED-0028,Solanum lycopersicum 'Costoluto Fiorentino',Tomate Costoluto Fiorentino,Tomato ‘Costoluto Fiorentino’,Tomate ‘Costoluto Fiorentino’,tomate ‘Costoluto Fiorentino’,Solanaceae,Stored,★★ Low,Commercial packet; likely fine if kept dry. Packet appears valid until 08/2029.,Many / commercial 0.4 g packet,Packet/user estimate; exact count not independently verified,0,Many / commercial 0.4 g packet,Unknown; packet validity appears 08/2029,Commercial seed packet — Tropica / TECHNISEM,Commercial seed packet,"Keep cool and dry, ideally in original labelled packet with desiccant.","Cool, dry, stable room temperature.",See viability note; test batch before committing the whole lot.,See germination instructions.,Sow a small test batch first; adjust by species after results.,"Adult plant image should come from Wikimedia/Wikidata/Wikipedia/Commons fallback, not packet photo.",Ribbed Italian tomato cultivar; practical food-garden/greenhouse crop.,Tomate Costoluto Fiorentino,High where packet/scientific label is present; otherwise marked by common-name inference in notes.,Added from user-provided packet photos / notes.,Tomato,https://en.wikipedia.org/wiki/Tomato
SBC-SEED-0029,Cucumis anguria,Ti’concombre Pico / West Indian gherkin / pepino de las Antillas / maxixe,West Indian gherkin / burr gherkin,Westindische Gurke / Stachelgurke,maxixe / pepino-das-antilhas,Cucurbitaceae,Stored,★★ Low,Commercial packet; likely fine if kept dry. Packet appears valid until 07/2029.,Many / commercial 2 g packet,Packet/user estimate; exact count not independently verified,0,Many / commercial 2 g packet,Unknown; packet validity appears 07/2029,Commercial seed packet — Tropica / TECHNISEM,Commercial seed packet,"Keep cool and dry, ideally in original labelled packet with desiccant.","Cool, dry, stable room temperature.",See viability note; test batch before committing the whole lot.,See germination instructions.,Sow a small test batch first; adjust by species after results.,"Adult plant image should come from Wikimedia/Wikidata/Wikipedia/Commons fallback, not packet photo.",Tropical cucurbit grown for small spiny edible fruits; needs warmth.,Ti’concombre Pico / West Indian gherkin / pepino de las Antillas / maxixe,High where packet/scientific label is present; otherwise marked by common-name inference in notes.,Added from user-provided packet photos / notes.,Cucumis anguria,https://en.wikipedia.org/wiki/Cucumis_anguria
SBC-SEED-0030,Passiflora ligularis,Fruit de la passion Maracuja / Passion fruit / Maracuyá / Maracujá,Sweet granadilla / passion fruit,Süße Granadilla,granadilha-doce / maracujá-doce,Passifloraceae,Stored,★★ Low,Commercial packet; likely fine if kept dry. Packet appears valid until 10/2029.,Many / commercial 0.5 g packet,Packet/user estimate; exact count not independently verified,0,Many / commercial 0.5 g packet,Unknown; packet validity appears 10/2029,Commercial seed packet — Tropica / TECHNISEM,Commercial seed packet,"Keep cool and dry, ideally in original labelled packet with desiccant.","Cool, dry, stable room temperature.",See viability note; test batch before committing the whole lot.,See germination instructions.,Sow a small test batch first; adjust by species after results.,"Adult plant image should come from Wikimedia/Wikidata/Wikipedia/Commons fallback, not packet photo.","Tropical passionfruit relative; needs warmth, support and greenhouse conditions.",Fruit de la passion Maracuja / Passion fruit / Maracuyá / Maracujá,High where packet/scientific label is present; otherwise marked by common-name inference in notes.,Added from user-provided packet photos / notes.,Passiflora ligularis,https://en.wikipedia.org/wiki/Passiflora_ligularis
SBC-SEED-0031,Carica papaya 'Solo No. 8',Papaye Solo N°8 / Papaya / Mamão,Papaya ‘Solo No. 8’,Papaya ‘Solo No. 8’,mamão ‘Solo No. 8’ / papaia,Caricaceae,Stored,★★ Low,Commercial packet; likely fine if kept dry. Packet appears valid until 01/2029.,Many / commercial packet; quantity marking unclear,Packet/user estimate; exact count not independently verified,0,Many / commercial packet; quantity marking unclear,Unknown; packet validity appears 01/2029,Commercial seed packet — Tropica / TECHNISEM,Commercial seed packet,"Keep cool and dry, ideally in original labelled packet with desiccant.","Cool, dry, stable room temperature.",See viability note; test batch before committing the whole lot.,See germination instructions.,Sow a small test batch first; adjust by species after results.,"Adult plant image should come from Wikimedia/Wikidata/Wikipedia/Commons fallback, not packet photo.",Fast-growing tropical fruit plant; greenhouse/container experiment only in Heiligenhaus.,Papaye Solo N°8 / Papaya / Mamão,High where packet/scientific label is present; otherwise marked by common-name inference in notes.,Added from user-provided packet photos / notes.,Papaya,https://en.wikipedia.org/wiki/Papaya
SBC-SEED-0032,Thymus serpyllum,Tomilho / Thymus serpyllum,Wild thyme / creeping thyme,Sand-Thymian / Feld-Thymian,tomilho-serpão / tomilho-silvestre,Lamiaceae,Stored,★★★★★ Urgent,Aging but likely still worth testing; packet packed 11/2023 and expiry shown as 2026.,Many / commercial 0.5 g packet,Packet/user estimate; exact count not independently verified,0,Many / commercial 0.5 g packet,Packed 11/2023; expiry 2026,"Commercial seed packet — NaturaSementes, Portugal",Commercial seed packet,"Keep cool and dry, ideally in original labelled packet with desiccant.","Cool, dry, stable room temperature.",See viability note; test batch before committing the whole lot.,See germination instructions.,Sow a small test batch first; adjust by species after results.,"Adult plant image should come from Wikimedia/Wikidata/Wikipedia/Commons fallback, not packet photo.","Low aromatic thyme useful for dry sunny beds, pollinators and groundcover.",Tomilho / Thymus serpyllum,High where packet/scientific label is present; otherwise marked by common-name inference in notes.,Added from user-provided packet photos / notes.,Thymus serpyllum,https://en.wikipedia.org/wiki/Thymus_serpyllum
SBC-SEED-0033,Coriandrum sativum,Coentros / cilantro / coriandre / coriander,Coriander / cilantro,Koriander,coentros,Apiaceae,Stored,★★ Low,Commercial packet; likely still good if kept dry. Packet packed 06/2024 and expiry shown as 2027.,Many / commercial 16 g packet,Packet/user estimate; exact count not independently verified,0,Many / commercial 16 g packet,Packed 06/2024; expiry 2027,"Commercial seed packet — NaturaSementes, Portugal",Commercial seed packet,"Keep cool and dry, ideally in original labelled packet with desiccant.","Cool, dry, stable room temperature.",See viability note; test batch before committing the whole lot.,See germination instructions.,Sow a small test batch first; adjust by species after results.,"Adult plant image should come from Wikimedia/Wikidata/Wikipedia/Commons fallback, not packet photo.",Edible annual herb; sow cool-season successions.,Coentros / cilantro / coriandre / coriander,High where packet/scientific label is present; otherwise marked by common-name inference in notes.,Added from user-provided packet photos / notes.,Coriandrum sativum,https://en.wikipedia.org/wiki/Coriandrum_sativum
SBC-SEED-0034,Coriandrum sativum,Coentros - Cilantro,Coriander / cilantro,Koriander,coentros,Apiaceae,Stored,★★ Low,Organic commercial packet; likely good if kept dry. Packet validity shown as 2027.,Many / commercial 4 g packet,Packet/user estimate; exact count not independently verified,0,Many / commercial 4 g packet,Lot/packing appears 27-05-24; validity 2027,"Commercial organic seed packet — Sementes Vivas, Portugal",Commercial organic seed packet,"Keep cool and dry, ideally in original labelled packet with desiccant.","Cool, dry, stable room temperature.",See viability note; test batch before committing the whole lot.,See germination instructions.,Sow a small test batch first; adjust by species after results.,"Adult plant image should come from Wikimedia/Wikidata/Wikipedia/Commons fallback, not packet photo.",Separate coriander lot from the NaturaSementes packet because supplier/lot differ.,Coentros - Cilantro,High where packet/scientific label is present; otherwise marked by common-name inference in notes.,Added from user-provided packet photos / notes.,Coriandrum sativum,https://en.wikipedia.org/wiki/Coriandrum_sativum
SBC-SEED-0035,Melissa officinalis,Erva-Cidreira - Melisa,Lemon balm,Zitronenmelisse,erva-cidreira / melissa,Lamiaceae,Stored,★★ Low,Organic commercial packet; likely still good if kept dry. Packet validity shown as 2027.,~1500 / commercial 1 g packet,Packet/user estimate; exact count not independently verified,0,~1500 / commercial 1 g packet,Lot/packing appears 06-02-24; validity 2027,"Commercial organic seed packet — Sementes Vivas, Portugal",Commercial organic seed packet,"Keep cool and dry, ideally in original labelled packet with desiccant.","Cool, dry, stable room temperature.",See viability note; test batch before committing the whole lot.,See germination instructions.,Sow a small test batch first; adjust by species after results.,"Adult plant image should come from Wikimedia/Wikidata/Wikipedia/Commons fallback, not packet photo.",Aromatic perennial herb; suitable for pots and outdoor herb/pollinator beds.,Erva-Cidreira - Melisa,High where packet/scientific label is present; otherwise marked by common-name inference in notes.,Added from user-provided packet photos / notes.,Melissa officinalis,https://en.wikipedia.org/wiki/Melissa_officinalis
